ID Value Bucket,Value Bucket,ID Year,Year,Property Value by Bucket,Property Value by Bucket Moe,Geography,ID Geography,Slug Geography,share
0,"Less Than $10,000",2020,"2020",1031883,8097,"United States","01000US","united-states",0.013094733269632246
1,"$10,000 to $14,999",2020,"2020",544313,7029.999999999999,"United States","01000US","united-states",0.006907404764099551
2,"$15,000 to $19,999",2020,"2020",488049,6423,"United States","01000US","united-states",0.006193407079592113
3,"$20,000 to $24,999",2020,"2020",524602,5422,"United States","01000US","united-states",0.006657269538034463
4,"$25,000 to $29,999",2020,"2020",483311,5903,"United States","01000US","united-states",0.006133281225952196
5,"$30,000 to $34,999",2020,"2020",576666,6702,"United States","01000US","united-states",0.00731796866085181
6,"$35,000 to $39,999",2020,"2020",426388,6370,"United States","01000US","united-states",0.005410920743312908
7,"$40,000 to $49,999",2020,"2020",1097262,8972,"United States","01000US","united-states",0.013924401523140915
8,"$50,000 to $59,999",2020,"2020",1364028,10293,"United States","01000US","united-states",0.017309697739288206
9,"$60,000 to $69,999",2020,"2020",1581124,13137,"United States","01000US","united-states",0.020064675012781502
10,"$70,000 to $79,999",2020,"2020",1809271,15535.000000000002,"United States","01000US","united-states",0.022959890954188412
11,"$80,000 to $89,999",2020,"2020",2134595,15347,"United States","01000US","united-states",0.027088296021632922
12,"$90,000 to $99,999",2020,"2020",1809410,14988,"United States","01000US","united-states",0.022961654882777682
13,"$100,000 to $124,999",2020,"2020",5007346,28159.999999999996,"United States","01000US","united-states",0.06354389040110163
14,"$125,000 to $149,999",2020,"2020",4722731,27091.000000000004,"United States","01000US","united-states",0.05993208798790518
15,"$150,000 to $174,999",2020,"2020",6147474,32335.000000000004,"United States","01000US","united-states",0.07801226719695858
16,"$175,000 to $199,999",2020,"2020",4579828,27350.000000000004,"United States","01000US","united-states",0.058118629806667335
17,"$200,000 to $249,999",2020,"2020",8500978,44969,"United States","01000US","united-states",0.1078785477045477
18,"$250,000 to $299,999",2020,"2020",7229480,37339,"United States","01000US","united-states",0.09174306803982712
19,"$300,000 to $399,999",2020,"2020",10176033,43678,"United States","01000US","united-states",0.1291352196692606
20,"$400,000 to $499,999",2020,"2020",5997303,30722.999999999996,"United States","01000US","united-states",0.07610657712372941
21,"$500,000 to $749,999",2020,"2020",6925193,31817.000000000004,"United States","01000US","united-states",0.08788162531578128
22,"$750,000 to $999,999",2020,"2020",2757469,15897,"United States","01000US","united-states",0.034992650382145614
23,"$1,000,000 to $1,499,999",2020,"2020",1551648,10201,"United States","01000US","united-states",0.019690620630786956
24,"$1,500,000 to $1,999,999",2020,"2020",565285,5601,"United States","01000US","united-states",0.007173542248805401
25,"$2,000,000 or More",2020,"2020",769706,6252,"United States","01000US","united-states",0.009767672077198246
0,"Less Than $10,000",2020,"2020",77,60.00000000000001,"Stillwater, OK","16000US4070300","stillwater-ok",0.00995732574679943
1,"$10,000 to $14,999",2020,"2020",103,84,"Stillwater, OK","16000US4070300","stillwater-ok",0.013319539635329109
2,"$15,000 to $19,999",2020,"2020",51,51,"Stillwater, OK","16000US4070300","stillwater-ok",0.006595111858269753
3,"$20,000 to $24,999",2020,"2020",0,23,"Stillwater, OK","16000US4070300","stillwater-ok",0
4,"$25,000 to $29,999",2020,"2020",41,61,"Stillwater, OK","16000US4070300","stillwater-ok",0.005301952670373723
5,"$30,000 to $34,999",2020,"2020",28,32,"Stillwater, OK","16000US4070300","stillwater-ok",0.003620845726108884
6,"$35,000 to $39,999",2020,"2020",0,23,"Stillwater, OK","16000US4070300","stillwater-ok",0
7,"$40,000 to $49,999",2020,"2020",76,67,"Stillwater, OK","16000US4070300","stillwater-ok",0.009828009828009828
8,"$50,000 to $59,999",2020,"2020",97,73,"Stillwater, OK","16000US4070300","stillwater-ok",0.01254364412259149
9,"$60,000 to $69,999",2020,"2020",115,77,"Stillwater, OK","16000US4070300","stillwater-ok",0.014871330660804346
10,"$70,000 to $79,999",2020,"2020",41,30.000000000000004,"Stillwater, OK","16000US4070300","stillwater-ok",0.005301952670373723
11,"$80,000 to $89,999",2020,"2020",136,89,"Stillwater, OK","16000US4070300","stillwater-ok",0.017586964955386006
12,"$90,000 to $99,999",2020,"2020",117,67,"Stillwater, OK","16000US4070300","stillwater-ok",0.015129962498383552
13,"$100,000 to $124,999",2020,"2020",638,189,"Stillwater, OK","16000US4070300","stillwater-ok",0.08250355618776671
14,"$125,000 to $149,999",2020,"2020",674,200,"Stillwater, OK","16000US4070300","stillwater-ok",0.08715892926419243
15,"$150,000 to $174,999",2020,"2020",1384,367,"Stillwater, OK","16000US4070300","stillwater-ok",0.17897323160481055
16,"$175,000 to $199,999",2020,"2020",699,242,"Stillwater, OK","16000US4070300","stillwater-ok",0.09039182723393249
17,"$200,000 to $249,999",2020,"2020",1413,299,"Stillwater, OK","16000US4070300","stillwater-ok",0.18272339324970904
18,"$250,000 to $299,999",2020,"2020",1077,345,"Stillwater, OK","16000US4070300","stillwater-ok",0.13927324453640244
19,"$300,000 to $399,999",2020,"2020",378,128,"Stillwater, OK","16000US4070300","stillwater-ok",0.048881417302469934
20,"$400,000 to $499,999",2020,"2020",290,151,"Stillwater, OK","16000US4070300","stillwater-ok",0.03750161644898487
21,"$500,000 to $749,999",2020,"2020",188,120.00000000000001,"Stillwater, OK","16000US4070300","stillwater-ok",0.024311392732445362
22,"$750,000 to $999,999",2020,"2020",31,37,"Stillwater, OK","16000US4070300","stillwater-ok",0.004008793482477693
23,"$1,000,000 to $1,499,999",2020,"2020",59,66,"Stillwater, OK","16000US4070300","stillwater-ok",0.007629639208586577
24,"$1,500,000 to $1,999,999",2020,"2020",20,31,"Stillwater, OK","16000US4070300","stillwater-ok",0.00258631837579206
25,"$2,000,000 or More",2020,"2020",0,23,"Stillwater, OK","16000US4070300","stillwater-ok",0
0,"Less Than $10,000",2019,"2019",1028776,9530,"United States","01000US","united-states",0.013313286844704715
1,"$10,000 to $14,999",2019,"2019",555266,5017,"United States","01000US","united-states",0.007185641512935575
2,"$15,000 to $19,999",2019,"2019",493678,5343,"United States","01000US","united-states",0.006388637393290798
3,"$20,000 to $24,999",2019,"2019",541349,4923,"United States","01000US","united-states",0.007005543014314149
4,"$25,000 to $29,999",2019,"2019",496197,4677,"United States","01000US","united-states",0.006421235519181966
5,"$30,000 to $34,999",2019,"2019",605943,6051,"United States","01000US","united-states",0.007841447477916387
6,"$35,000 to $39,999",2019,"2019",448984,4741,"United States","01000US","united-states",0.005810256830138827
7,"$40,000 to $49,999",2019,"2019",1165696,8891,"United States","01000US","united-states",0.015085154806998713
8,"$50,000 to $59,999",2019,"2019",1451180,9994,"United States","01000US","united-states",0.018779574565598915
9,"$60,000 to $69,999",2019,"2019",1685990,12236,"United States","01000US","united-states",0.021818227181916863
10,"$70,000 to $79,999",2019,"2019",1937078,12774,"United States","01000US","united-states",0.025067531760623228
11,"$80,000 to $89,999",2019,"2019",2288047,14353.999999999998,"United States","01000US","united-states",0.029609386324298086
12,"$90,000 to $99,999",2019,"2019",1946546,16357.999999999998,"United States","01000US","united-states",0.025190056197279664
13,"$100,000 to $124,999",2019,"2019",5290207,30066,"United States","01000US","united-states",0.06846003722760328
14,"$125,000 to $149,999",2019,"2019",4952877,28839,"United States","01000US","united-states",0.06409468359248326
15,"$150,000 to $174,999",2019,"2019",6272151,35728,"United States","01000US","united-states",0.08116727586598202
16,"$175,000 to $199,999",2019,"2019",4582862,28110.999999999996,"United States","01000US","united-states",0.059306356656548306
17,"$200,000 to $249,999",2019,"2019",8274180,42220,"United States","01000US","united-states",0.10707533199133618
18,"$250,000 to $299,999",2019,"2019",6877112,39470,"United States","01000US","united-states",0.08899601538056966
19,"$300,000 to $399,999",2019,"2019",9450290,49313,"United States","01000US","united-states",0.12229525332593735
20,"$400,000 to $499,999",2019,"2019",5498064,30508,"United States","01000US","united-states",0.0711498937791556
21,"$500,000 to $749,999",2019,"2019",6314185,31143,"United States","01000US","united-states",0.08171123363641049
22,"$750,000 to $999,999",2019,"2019",2506929,14816,"United States","01000US","united-states",0.03244191629305966
23,"$1,000,000 to $1,499,999",2019,"2019",1400103,8041,"United States","01000US","united-states",0.018118592240810055
24,"$1,500,000 to $1,999,999",2019,"2019",508010,4499,"United States","01000US","united-states",0.006574106365213071
25,"$2,000,000 or More",2019,"2019",702681,5363,"United States","01000US","united-states",0.009093324215693168
0,"Less Than $10,000",2019,"2019",60,53,"Stillwater, OK","16000US4070300","stillwater-ok",0.008668015024559377
1,"$10,000 to $14,999",2019,"2019",91,88,"Stillwater, OK","16000US4070300","stillwater-ok",0.013146489453915054
2,"$15,000 to $19,999",2019,"2019",63,50,"Stillwater, OK","16000US4070300","stillwater-ok",0.009101415775787344
3,"$20,000 to $24,999",2019,"2019",0,21,"Stillwater, OK","16000US4070300","stillwater-ok",0
4,"$25,000 to $29,999",2019,"2019",18,28,"Stillwater, OK","16000US4070300","stillwater-ok",0.002600404507367813
5,"$30,000 to $34,999",2019,"2019",28,31,"Stillwater, OK","16000US4070300","stillwater-ok",0.004045073678127709
6,"$35,000 to $39,999",2019,"2019",0,21,"Stillwater, OK","16000US4070300","stillwater-ok",0
7,"$40,000 to $49,999",2019,"2019",54,54,"Stillwater, OK","16000US4070300","stillwater-ok",0.007801213522103438
8,"$50,000 to $59,999",2019,"2019",136,99,"Stillwater, OK","16000US4070300","stillwater-ok",0.019647500722334586
9,"$60,000 to $69,999",2019,"2019",114,63.00000000000001,"Stillwater, OK","16000US4070300","stillwater-ok",0.016469228546662815
10,"$70,000 to $79,999",2019,"2019",79,47,"Stillwater, OK","16000US4070300","stillwater-ok",0.011412886449003179
11,"$80,000 to $89,999",2019,"2019",185,100,"Stillwater, OK","16000US4070300","stillwater-ok",0.026726379659058077
12,"$90,000 to $99,999",2019,"2019",139,71,"Stillwater, OK","16000US4070300","stillwater-ok",0.020080901473562555
13,"$100,000 to $124,999",2019,"2019",616,149,"Stillwater, OK","16000US4070300","stillwater-ok",0.08899162091880959
14,"$125,000 to $149,999",2019,"2019",639,154,"Stillwater, OK","16000US4070300","stillwater-ok",0.09231436001155735
15,"$150,000 to $174,999",2019,"2019",948,195,"Stillwater, OK","16000US4070300","stillwater-ok",0.13695463738803815
16,"$175,000 to $199,999",2019,"2019",733,183,"Stillwater, OK","16000US4070300","stillwater-ok",0.10589425021670038
17,"$200,000 to $249,999",2019,"2019",1200,243,"Stillwater, OK","16000US4070300","stillwater-ok",0.17336030049118753
18,"$250,000 to $299,999",2019,"2019",745,163,"Stillwater, OK","16000US4070300","stillwater-ok",0.10762785322161225
19,"$300,000 to $399,999",2019,"2019",484,153,"Stillwater, OK","16000US4070300","stillwater-ok",0.06992198786477896
20,"$400,000 to $499,999",2019,"2019",288,157,"Stillwater, OK","16000US4070300","stillwater-ok",0.041606472117885006
21,"$500,000 to $749,999",2019,"2019",171,67,"Stillwater, OK","16000US4070300","stillwater-ok",0.024703842819994222
22,"$750,000 to $999,999",2019,"2019",37,42,"Stillwater, OK","16000US4070300","stillwater-ok",0.005345275931811615
23,"$1,000,000 to $1,499,999",2019,"2019",73,94,"Stillwater, OK","16000US4070300","stillwater-ok",0.01054608494654724
24,"$1,500,000 to $1,999,999",2019,"2019",21,33,"Stillwater, OK","16000US4070300","stillwater-ok",0.0030338052585957816
25,"$2,000,000 or More",2019,"2019",0,21,"Stillwater, OK","16000US4070300","stillwater-ok",0
0,"Less Than $10,000",2018,"2018",1258863,12461,"United States","01000US","united-states",0.01646760584531507
1,"$10,000 to $14,999",2018,"2018",596848,5635,"United States","01000US","united-states",0.007807567315557459
2,"$15,000 to $19,999",2018,"2018",527481,5691,"United States","01000US","united-states",0.006900154503621633
3,"$20,000 to $24,999",2018,"2018",568572,5333,"United States","01000US","united-states",0.007437679549468433
4,"$25,000 to $29,999",2018,"2018",522549,5396,"United States","01000US","united-states",0.006835637370280598
5,"$30,000 to $34,999",2018,"2018",641527,6041,"United States","01000US","united-states",0.00839202818346988
6,"$35,000 to $39,999",2018,"2018",478620,4355,"United States","01000US","united-states",0.006260987501963835
7,"$40,000 to $49,999",2018,"2018",1242034,8707,"United States","01000US","united-states",0.016247460095721346
8,"$50,000 to $59,999",2018,"2018",1544961,10127,"United States","01000US","united-states",0.020210148995072393
9,"$60,000 to $69,999",2018,"2018",1796514,12686,"United States","01000US","united-states",0.0235007975034538
10,"$70,000 to $79,999",2018,"2018",2058463,13531.999999999998,"United States","01000US","united-states",0.02692743954756379
11,"$80,000 to $89,999",2018,"2018",2433919,14986.999999999998,"United States","01000US","united-states",0.03183890443314595
12,"$90,000 to $99,999",2018,"2018",2091716,16347.999999999998,"United States","01000US","united-states",0.02736243310696959
13,"$100,000 to $124,999",2018,"2018",5546278,28876.999999999996,"United States","01000US","united-states",0.07255270828719439
14,"$125,000 to $149,999",2018,"2018",5155384,31240.999999999996,"United States","01000US","united-states",0.06743929378593524
15,"$150,000 to $174,999",2018,"2018",6388594,37101,"United States","01000US","united-states",0.08357132420108049
16,"$175,000 to $199,999",2018,"2018",4577979,27570.999999999996,"United States","01000US","united-states",0.059886066823895565
17,"$200,000 to $249,999",2018,"2018",8070035,41520,"United States","01000US","united-states",0.1055668134959064
18,"$250,000 to $299,999",2018,"2018",6570089,36203,"United States","01000US","united-states",0.08594552069656528
19,"$300,000 to $399,999",2018,"2018",8880612,47996,"United States","01000US","united-states",0.11617024098823714
20,"$400,000 to $499,999",2018,"2018",5088888,26182,"United States","01000US","united-states",0.06656943748045158
21,"$500,000 to $749,999",2018,"2018",5786379,27850.999999999996,"United States","01000US","united-states",0.07569354937241651
22,"$750,000 to $999,999",2018,"2018",2275524,12641,"United States","01000US","united-states",0.029766886725207376
23,"$1,000,000 to $1,499,999",2018,"2018",1253950,7742,"United States","01000US","united-states",0.01640333725729713
24,"$1,500,000 to $1,999,999",2018,"2018",452783,4394,"United States","01000US","united-states",0.005923005106559883
25,"$2,000,000 or More",2018,"2018",636248,5636,"United States","01000US","united-states",0.008322971827649255
0,"Less Than $10,000",2018,"2018",89,76,"Stillwater, OK","16000US4070300","stillwater-ok",0.013261808970347191
1,"$10,000 to $14,999",2018,"2018",81,77,"Stillwater, OK","16000US4070300","stillwater-ok",0.012069736253911488
2,"$15,000 to $19,999",2018,"2018",88,68,"Stillwater, OK","16000US4070300","stillwater-ok",0.013112799880792728
3,"$20,000 to $24,999",2018,"2018",34,37,"Stillwater, OK","16000US4070300","stillwater-ok",0.005066309044851736
4,"$25,000 to $29,999",2018,"2018",0,20,"Stillwater, OK","16000US4070300","stillwater-ok",0
5,"$30,000 to $34,999",2018,"2018",23,27,"Stillwater, OK","16000US4070300","stillwater-ok",0.0034272090597526447
6,"$35,000 to $39,999",2018,"2018",0,20,"Stillwater, OK","16000US4070300","stillwater-ok",0
7,"$40,000 to $49,999",2018,"2018",47,60.00000000000001,"Stillwater, OK","16000US4070300","stillwater-ok",0.007003427209059753
8,"$50,000 to $59,999",2018,"2018",146,90,"Stillwater, OK","16000US4070300","stillwater-ok",0.02175532707495157
9,"$60,000 to $69,999",2018,"2018",62,43,"Stillwater, OK","16000US4070300","stillwater-ok",0.009238563552376695
10,"$70,000 to $79,999",2018,"2018",89,47,"Stillwater, OK","16000US4070300","stillwater-ok",0.013261808970347191
11,"$80,000 to $89,999",2018,"2018",100,64,"Stillwater, OK","16000US4070300","stillwater-ok",0.014900908955446282
12,"$90,000 to $99,999",2018,"2018",216,88,"Stillwater, OK","16000US4070300","stillwater-ok",0.03218596334376397
13,"$100,000 to $124,999",2018,"2018",732,160,"Stillwater, OK","16000US4070300","stillwater-ok",0.10907465355386678
14,"$125,000 to $149,999",2018,"2018",924,183,"Stillwater, OK","16000US4070300","stillwater-ok",0.13768439874832364
15,"$150,000 to $174,999",2018,"2018",835,197,"Stillwater, OK","16000US4070300","stillwater-ok",0.12442258977797646
16,"$175,000 to $199,999",2018,"2018",655,159,"Stillwater, OK","16000US4070300","stillwater-ok",0.09760095365817315
17,"$200,000 to $249,999",2018,"2018",947,163,"Stillwater, OK","16000US4070300","stillwater-ok",0.1411116078080763
18,"$250,000 to $299,999",2018,"2018",622,168,"Stillwater, OK","16000US4070300","stillwater-ok",0.09268365370287587
19,"$300,000 to $399,999",2018,"2018",482,152,"Stillwater, OK","16000US4070300","stillwater-ok",0.07182238116525108
20,"$400,000 to $499,999",2018,"2018",226,132,"Stillwater, OK","16000US4070300","stillwater-ok",0.0336760542393086
21,"$500,000 to $749,999",2018,"2018",203,98,"Stillwater, OK","16000US4070300","stillwater-ok",0.030248845179555953
22,"$750,000 to $999,999",2018,"2018",26,39,"Stillwater, OK","16000US4070300","stillwater-ok",0.003874236328416033
23,"$1,000,000 to $1,499,999",2018,"2018",84,83,"Stillwater, OK","16000US4070300","stillwater-ok",0.012516763522574878
24,"$1,500,000 to $1,999,999",2018,"2018",0,20,"Stillwater, OK","16000US4070300","stillwater-ok",0
25,"$2,000,000 or More",2018,"2018",0,20,"Stillwater, OK","16000US4070300","stillwater-ok",0
0,"Less Than $10,000",2017,"2017",1476974,13039,"United States","01000US","united-states",0.01947663115866171
1,"$10,000 to $14,999",2017,"2017",632158,6026,"United States","01000US","united-states",0.008336171252843496
2,"$15,000 to $19,999",2017,"2017",562022,5452,"United States","01000US","united-states",0.007411298504275209
3,"$20,000 to $24,999",2017,"2017",603519,5001,"United States","01000US","united-states",0.007958513122265089
4,"$25,000 to $29,999",2017,"2017",552538,4783,"United States","01000US","united-states",0.007286234440920846
5,"$30,000 to $34,999",2017,"2017",674950,6727,"United States","01000US","united-states",0.008900462838573138
6,"$35,000 to $39,999",2017,"2017",506636,4012.0000000000005,"United States","01000US","united-states",0.006680931758920424
7,"$40,000 to $49,999",2017,"2017",1314549,8040,"United States","01000US","united-states",0.017334757424969968
8,"$50,000 to $59,999",2017,"2017",1633945,10334,"United States","01000US","united-states",0.021546583825131322
9,"$60,000 to $69,999",2017,"2017",1907605,11773,"United States","01000US","united-states",0.02515529656000639
10,"$70,000 to $79,999",2017,"2017",2194410,14011,"United States","01000US","united-states",0.02893735040757579
11,"$80,000 to $89,999",2017,"2017",2572479,14896.000000000002,"United States","01000US","united-states",0.03392288872140127
12,"$90,000 to $99,999",2017,"2017",2231451,16188.000000000002,"United States","01000US","united-states",0.02942580443232368
13,"$100,000 to $124,999",2017,"2017",5826370,30685,"United States","01000US","united-states",0.07683145369105471
14,"$125,000 to $149,999",2017,"2017",5331518,33096,"United States","01000US","united-states",0.07030591574514228
15,"$150,000 to $174,999",2017,"2017",6499851,36251,"United States","01000US","united-states",0.08571254505039255
16,"$175,000 to $199,999",2017,"2017",4590736,27318,"United States","01000US","united-states",0.06053733635039617
17,"$200,000 to $249,999",2017,"2017",7895572,42441,"United States","01000US","united-states",0.10411770527487753
18,"$250,000 to $299,999",2017,"2017",6310465,33487,"United States","01000US","united-states",0.08321514071652188
19,"$300,000 to $399,999",2017,"2017",8377035,42632,"United States","01000US","united-states",0.1104666845172628
20,"$400,000 to $499,999",2017,"2017",4713899,24568,"United States","01000US","united-states",0.06216146807065276
21,"$500,000 to $749,999",2017,"2017",5308063,25682,"United States","01000US","united-states",0.06999661823291362
22,"$750,000 to $999,999",2017,"2017",2045639,12211,"United States","01000US","united-states",0.026975529892045214
23,"$1,000,000 to $1,499,999",2017,"2017",1106944,6170,"United States","01000US","united-states",0.01459710191329951
24,"$1,500,000 to $1,999,999",2017,"2017",398918,4093.0000000000005,"United States","01000US","united-states",0.005260470901011807
25,"$2,000,000 or More",2017,"2017",564889,4879,"United States","01000US","united-states",0.007449105196560844
0,"Less Than $10,000",2017,"2017",68,60.00000000000001,"Stillwater, OK","16000US4070300","stillwater-ok",0.010261053266938283
1,"$10,000 to $14,999",2017,"2017",88,67,"Stillwater, OK","16000US4070300","stillwater-ok",0.013279010110155426
2,"$15,000 to $19,999",2017,"2017",82,56,"Stillwater, OK","16000US4070300","stillwater-ok",0.012373623057190282
3,"$20,000 to $24,999",2017,"2017",88,51,"Stillwater, OK","16000US4070300","stillwater-ok",0.013279010110155426
4,"$25,000 to $29,999",2017,"2017",0,20,"Stillwater, OK","16000US4070300","stillwater-ok",0
5,"$30,000 to $34,999",2017,"2017",28,35,"Stillwater, OK","16000US4070300","stillwater-ok",0.004225139580503999
6,"$35,000 to $39,999",2017,"2017",0,20,"Stillwater, OK","16000US4070300","stillwater-ok",0
7,"$40,000 to $49,999",2017,"2017",9,13,"Stillwater, OK","16000US4070300","stillwater-ok",0.001358080579447714
8,"$50,000 to $59,999",2017,"2017",94,54.99999999999999,"Stillwater, OK","16000US4070300","stillwater-ok",0.014184397163120567
9,"$60,000 to $69,999",2017,"2017",86,64,"Stillwater, OK","16000US4070300","stillwater-ok",0.012977214425833711
10,"$70,000 to $79,999",2017,"2017",119,53,"Stillwater, OK","16000US4070300","stillwater-ok",0.017956843217141995
11,"$80,000 to $89,999",2017,"2017",131,76,"Stillwater, OK","16000US4070300","stillwater-ok",0.01976761732307228
12,"$90,000 to $99,999",2017,"2017",266,119,"Stillwater, OK","16000US4070300","stillwater-ok",0.040138826014787986
13,"$100,000 to $124,999",2017,"2017",898,183,"Stillwater, OK","16000US4070300","stillwater-ok",0.13550626226044968
14,"$125,000 to $149,999",2017,"2017",963,215.00000000000003,"Stillwater, OK","16000US4070300","stillwater-ok",0.1453146220009054
15,"$150,000 to $174,999",2017,"2017",802,152,"Stillwater, OK","16000US4070300","stillwater-ok",0.1210200694130074
16,"$175,000 to $199,999",2017,"2017",688,194,"Stillwater, OK","16000US4070300","stillwater-ok",0.10381771540666969
17,"$200,000 to $249,999",2017,"2017",881,211,"Stillwater, OK","16000US4070300","stillwater-ok",0.1329409989437151
18,"$250,000 to $299,999",2017,"2017",493,151,"Stillwater, OK","16000US4070300","stillwater-ok",0.07439263618530255
19,"$300,000 to $399,999",2017,"2017",411,128,"Stillwater, OK","16000US4070300","stillwater-ok",0.06201901312811227
20,"$400,000 to $499,999",2017,"2017",146,82,"Stillwater, OK","16000US4070300","stillwater-ok",0.022031084955485135
21,"$500,000 to $749,999",2017,"2017",229,114.00000000000001,"Stillwater, OK","16000US4070300","stillwater-ok",0.034555605854836274
22,"$750,000 to $999,999",2017,"2017",27,45,"Stillwater, OK","16000US4070300","stillwater-ok",0.004074241738343142
23,"$1,000,000 to $1,499,999",2017,"2017",30,35,"Stillwater, OK","16000US4070300","stillwater-ok",0.004526935264825713
24,"$1,500,000 to $1,999,999",2017,"2017",0,20,"Stillwater, OK","16000US4070300","stillwater-ok",0
25,"$2,000,000 or More",2017,"2017",0,20,"Stillwater, OK","16000US4070300","stillwater-ok",0
0,"Less Than $10,000",2016,"2016",1463996,13329,"United States","01000US","united-states",0.019550949780791055
1,"$10,000 to $14,999",2016,"2016",672264,6070,"United States","01000US","united-states",0.008977756567254089
2,"$15,000 to $19,999",2016,"2016",598938,6308,"United States","01000US","united-states",0.007998523739004363
3,"$20,000 to $24,999",2016,"2016",632979,5277,"United States","01000US","united-states",0.008453124626908367
4,"$25,000 to $29,999",2016,"2016",576582,5203,"United States","01000US","united-states",0.007699970304910715
5,"$30,000 to $34,999",2016,"2016",711866,6083,"United States","01000US","united-states",0.009506621887390815
6,"$35,000 to $39,999",2016,"2016",529927,5578,"United States","01000US","united-states",0.0070769156230517435
7,"$40,000 to $49,999",2016,"2016",1376361,8418,"United States","01000US","united-states",0.018380627263489352
8,"$50,000 to $59,999",2016,"2016",1707922,10902,"United States","01000US","united-states",0.02280846208016157
9,"$60,000 to $69,999",2016,"2016",1994300,12678,"United States","01000US","united-states",0.026632900054256704
10,"$70,000 to $79,999",2016,"2016",2290767,13071,"United States","01000US","united-states",0.030592071683592976
11,"$80,000 to $89,999",2016,"2016",2699481,17439,"United States","01000US","united-states",0.03605024703974575
12,"$90,000 to $99,999",2016,"2016",2354130,17406,"United States","01000US","united-states",0.031438253524909664
13,"$100,000 to $124,999",2016,"2016",6056463,31814,"United States","01000US","united-states",0.0808810980099803
14,"$125,000 to $149,999",2016,"2016",5433927,31625,"United States","01000US","united-states",0.0725674345349882
15,"$150,000 to $174,999",2016,"2016",6570071,35202,"United States","01000US","united-states",0.08774008137811282
16,"$175,000 to $199,999",2016,"2016",4568510,26153,"United States","01000US","united-states",0.06101021422397448
17,"$200,000 to $249,999",2016,"2016",7745477,40356,"United States","01000US","united-states",0.10343705300784439
18,"$250,000 to $299,999",2016,"2016",6066474,34291,"United States","01000US","united-states",0.08101479001341166
19,"$300,000 to $399,999",2016,"2016",7929212,42763,"United States","01000US","united-states",0.10589074397282902
20,"$400,000 to $499,999",2016,"2016",4355190,23893,"United States","01000US","united-states",0.058161430069346765
21,"$500,000 to $749,999",2016,"2016",4872014,24657,"United States","01000US","united-states",0.06506336154286688
22,"$750,000 to $999,999",2016,"2016",1839171,10716,"United States","01000US","united-states",0.024561228213251445
23,"$1,000,000 to $1,499,999",2016,"2016",985866,6897.999999999999,"United States","01000US","united-states",0.013165757731981066
24,"$1,500,000 to $1,999,999",2016,"2016",348313,3499,"United States","01000US","united-states",0.00465154957458673
25,"$2,000,000 or More",2016,"2016",500867,3882,"United States","01000US","united-states",0.0066888335513590694
0,"Less Than $10,000",2016,"2016",58,51,"Stillwater, OK","16000US4070300","stillwater-ok",0.008895705521472393
1,"$10,000 to $14,999",2016,"2016",112,98,"Stillwater, OK","16000US4070300","stillwater-ok",0.01717791411042945
2,"$15,000 to $19,999",2016,"2016",137,78,"Stillwater, OK","16000US4070300","stillwater-ok",0.021012269938650307
3,"$20,000 to $24,999",2016,"2016",92,70,"Stillwater, OK","16000US4070300","stillwater-ok",0.01411042944785276
4,"$25,000 to $29,999",2016,"2016",0,20,"Stillwater, OK","16000US4070300","stillwater-ok",0
5,"$30,000 to $34,999",2016,"2016",5,9,"Stillwater, OK","16000US4070300","stillwater-ok",0.0007668711656441718
6,"$35,000 to $39,999",2016,"2016",0,20,"Stillwater, OK","16000US4070300","stillwater-ok",0
7,"$40,000 to $49,999",2016,"2016",9,15.000000000000002,"Stillwater, OK","16000US4070300","stillwater-ok",0.0013803680981595093
8,"$50,000 to $59,999",2016,"2016",77,48,"Stillwater, OK","16000US4070300","stillwater-ok",0.011809815950920245
9,"$60,000 to $69,999",2016,"2016",99,66,"Stillwater, OK","16000US4070300","stillwater-ok",0.015184049079754602
10,"$70,000 to $79,999",2016,"2016",185,89,"Stillwater, OK","16000US4070300","stillwater-ok",0.028374233128834355
11,"$80,000 to $89,999",2016,"2016",185,88,"Stillwater, OK","16000US4070300","stillwater-ok",0.028374233128834355
12,"$90,000 to $99,999",2016,"2016",256,89,"Stillwater, OK","16000US4070300","stillwater-ok",0.0392638036809816
13,"$100,000 to $124,999",2016,"2016",865,167,"Stillwater, OK","16000US4070300","stillwater-ok",0.13266871165644173
14,"$125,000 to $149,999",2016,"2016",957,181,"Stillwater, OK","16000US4070300","stillwater-ok",0.1467791411042945
15,"$150,000 to $174,999",2016,"2016",745,161,"Stillwater, OK","16000US4070300","stillwater-ok",0.1142638036809816
16,"$175,000 to $199,999",2016,"2016",664,161,"Stillwater, OK","16000US4070300","stillwater-ok",0.10184049079754601
17,"$200,000 to $249,999",2016,"2016",813,172,"Stillwater, OK","16000US4070300","stillwater-ok",0.12469325153374233
18,"$250,000 to $299,999",2016,"2016",517,148,"Stillwater, OK","16000US4070300","stillwater-ok",0.07929447852760736
19,"$300,000 to $399,999",2016,"2016",372,128,"Stillwater, OK","16000US4070300","stillwater-ok",0.05705521472392638
20,"$400,000 to $499,999",2016,"2016",99,67,"Stillwater, OK","16000US4070300","stillwater-ok",0.015184049079754602
21,"$500,000 to $749,999",2016,"2016",233,99,"Stillwater, OK","16000US4070300","stillwater-ok",0.03573619631901841
22,"$750,000 to $999,999",2016,"2016",11,18,"Stillwater, OK","16000US4070300","stillwater-ok",0.001687116564417178
23,"$1,000,000 to $1,499,999",2016,"2016",29,34,"Stillwater, OK","16000US4070300","stillwater-ok",0.004447852760736197
24,"$1,500,000 to $1,999,999",2016,"2016",0,20,"Stillwater, OK","16000US4070300","stillwater-ok",0
25,"$2,000,000 or More",2016,"2016",0,20,"Stillwater, OK","16000US4070300","stillwater-ok",0
0,"Less Than $10,000",2015,"2015",1460217,13521.000000000002,"United States","01000US","united-states",0.019544587501907823
1,"$10,000 to $14,999",2015,"2015",705869,6388,"United States","01000US","united-states",0.009447854966340053
2,"$15,000 to $19,999",2015,"2015",629841,6142,"United States","01000US","united-states",0.008430241900203275
3,"$20,000 to $24,999",2015,"2015",659945,5495,"United States","01000US","united-states",0.008833175342395383
4,"$25,000 to $29,999",2015,"2015",601605,5044,"United States","01000US","united-states",0.008052311104503822
5,"$30,000 to $34,999",2015,"2015",739249,6718,"United States","01000US","united-states",0.009894636732895081
6,"$35,000 to $39,999",2015,"2015",546091,4633,"United States","01000US","united-states",0.007309272069496757
7,"$40,000 to $49,999",2015,"2015",1425946,9632,"United States","01000US","united-states",0.019085879954825517
8,"$50,000 to $59,999",2015,"2015",1769877,10010,"United States","01000US","united-states",0.023689298161926695
9,"$60,000 to $69,999",2015,"2015",2055529,12868,"United States","01000US","united-states",0.0275126685987145
10,"$70,000 to $79,999",2015,"2015",2374297,14562.000000000002,"United States","01000US","united-states",0.031779287237456655
11,"$80,000 to $89,999",2015,"2015",2794942,18284,"United States","01000US","united-states",0.037409500424770606
12,"$90,000 to $99,999",2015,"2015",2466857,16511,"United States","01000US","united-states",0.0330181764019963
13,"$100,000 to $124,999",2015,"2015",6275735,30900.999999999996,"United States","01000US","united-states",0.0839989206030922
14,"$125,000 to $149,999",2015,"2015",5528331,30159,"United States","01000US","united-states",0.07399513152429371
15,"$150,000 to $174,999",2015,"2015",6659967,36221,"United States","01000US","united-states",0.08914175618508656
16,"$175,000 to $199,999",2015,"2015",4584396,27035,"United States","01000US","united-states",0.0613608311404375
17,"$200,000 to $249,999",2015,"2015",7692487,42316,"United States","01000US","united-states",0.10296174149375635
18,"$250,000 to $299,999",2015,"2015",5945177,33560,"United States","01000US","united-states",0.07957449618161537
19,"$300,000 to $399,999",2015,"2015",7674805,38859,"United States","01000US","united-states",0.1027250729737975
20,"$400,000 to $499,999",2015,"2015",4148191,20530,"United States","01000US","united-states",0.055522351797114074
21,"$500,000 to $749,999",2015,"2015",4602188,21821,"United States","01000US","united-states",0.06159897197897995
22,"$750,000 to $999,999",2015,"2015",1700050,10155,"United States","01000US","united-states",0.022754683709762587
23,"$1,000,000 to $1,499,999",2015,"2015",910854,6270,"United States","01000US","united-states",0.012191520646905733
24,"$1,500,000 to $1,999,999",2015,"2015",313903,3613,"United States","01000US","united-states",0.004201502003203203
25,"$2,000,000 or More",2015,"2015",445742,3947,"United States","01000US","united-states",0.005966129364522805
0,"Less Than $10,000",2015,"2015",52,47,"Stillwater, OK","16000US4070300","stillwater-ok",0.007701421800947867
1,"$10,000 to $14,999",2015,"2015",28,32,"Stillwater, OK","16000US4070300","stillwater-ok",0.004146919431279621
2,"$15,000 to $19,999",2015,"2015",141,72,"Stillwater, OK","16000US4070300","stillwater-ok",0.02088270142180095
3,"$20,000 to $24,999",2015,"2015",151,104,"Stillwater, OK","16000US4070300","stillwater-ok",0.022363744075829382
4,"$25,000 to $29,999",2015,"2015",58,67,"Stillwater, OK","16000US4070300","stillwater-ok",0.008590047393364929
5,"$30,000 to $34,999",2015,"2015",14,23,"Stillwater, OK","16000US4070300","stillwater-ok",0.0020734597156398106
6,"$35,000 to $39,999",2015,"2015",0,20,"Stillwater, OK","16000US4070300","stillwater-ok",0
7,"$40,000 to $49,999",2015,"2015",68,44,"Stillwater, OK","16000US4070300","stillwater-ok",0.010071090047393365
8,"$50,000 to $59,999",2015,"2015",98,61,"Stillwater, OK","16000US4070300","stillwater-ok",0.014514218009478674
9,"$60,000 to $69,999",2015,"2015",80,54,"Stillwater, OK","16000US4070300","stillwater-ok",0.011848341232227487
10,"$70,000 to $79,999",2015,"2015",204,78,"Stillwater, OK","16000US4070300","stillwater-ok",0.030213270142180094
11,"$80,000 to $89,999",2015,"2015",198,97,"Stillwater, OK","16000US4070300","stillwater-ok",0.029324644549763034
12,"$90,000 to $99,999",2015,"2015",306,100,"Stillwater, OK","16000US4070300","stillwater-ok",0.045319905213270145
13,"$100,000 to $124,999",2015,"2015",954,179,"Stillwater, OK","16000US4070300","stillwater-ok",0.1412914691943128
14,"$125,000 to $149,999",2015,"2015",958,193,"Stillwater, OK","16000US4070300","stillwater-ok",0.14188388625592416
15,"$150,000 to $174,999",2015,"2015",791,174,"Stillwater, OK","16000US4070300","stillwater-ok",0.11715047393364929
16,"$175,000 to $199,999",2015,"2015",751,196,"Stillwater, OK","16000US4070300","stillwater-ok",0.11122630331753554
17,"$200,000 to $249,999",2015,"2015",803,183,"Stillwater, OK","16000US4070300","stillwater-ok",0.11892772511848342
18,"$250,000 to $299,999",2015,"2015",409,126.00000000000001,"Stillwater, OK","16000US4070300","stillwater-ok",0.06057464454976303
19,"$300,000 to $399,999",2015,"2015",403,125,"Stillwater, OK","16000US4070300","stillwater-ok",0.059686018957345974
20,"$400,000 to $499,999",2015,"2015",63,47,"Stillwater, OK","16000US4070300","stillwater-ok",0.009330568720379146
21,"$500,000 to $749,999",2015,"2015",178,79,"Stillwater, OK","16000US4070300","stillwater-ok",0.026362559241706163
22,"$750,000 to $999,999",2015,"2015",32,37,"Stillwater, OK","16000US4070300","stillwater-ok",0.004739336492890996
23,"$1,000,000 to $1,499,999",2015,"2015",12,18,"Stillwater, OK","16000US4070300","stillwater-ok",0.0017772511848341231
24,"$1,500,000 to $1,999,999",2015,"2015",0,20,"Stillwater, OK","16000US4070300","stillwater-ok",0
25,"$2,000,000 or More",2015,"2015",0,20,"Stillwater, OK","16000US4070300","stillwater-ok",0